index,start,end,track,display_name
0,30.762948337007565,35.07336144924757,2018_11_13_am_Sec_1_P2_Varaali_slates,Performer1_Sess1_Varali
1,40.08384165628294,44.39425476852295,2018_11_13_am_Sec_1_P2_Varaali_slates,Performer1_Sess1_Varali
2,245.76355410716,248.99386370171567,2018_11_13_am_Sec_1_P2_Varaali_slates,Performer1_Sess1_Varali
3,252.24417521326555,255.07444646793823,2018_11_13_am_Sec_1_P2_Varaali_slates,Performer1_Sess1_Varali
4,201.45930796511067,204.2895792197833,2018_11_13_am_Sec_1_P2_Varaali_slates,Performer1_Sess1_Varali
5,221.65124317070828,224.48151442538096,2018_11_13_am_Sec_1_P2_Varaali_slates,Performer1_Sess1_Varali
6,176.7969443113198,179.4471983130451,2018_11_13_am_Sec_1_P2_Varaali_slates,Performer1_Sess1_Varali
8,107.70032205501772,110.5705971436787,2018_11_13_am_Sec_1_P2_Varaali_slates,Performer1_Sess1_Varali
9,228.6319122016677,231.05214415796027,2018_11_13_am_Sec_1_P2_Varaali_slates,Performer1_Sess1_Varali
10,94.3390415029234,96.62926099875394,2018_11_13_am_Sec_1_P2_Varaali_slates,Performer1_Sess1_Varali
11,290.7078615930221,292.99808108885264,2018_11_13_am_Sec_1_P2_Varaali_slates,Performer1_Sess1_Varali
12,131.8526368254577,134.05284769481452,2018_11_13_am_Sec_1_P2_Varaali_slates,Performer1_Sess1_Varali
13,234.3824633374868,236.8527000862647,2018_11_13_am_Sec_1_P2_Varaali_slates,Performer1_Sess1_Varali
14,42.55407840506086,44.66428064794402,2018_11_13_am_Sec_1_P2_Varaali_slates,Performer1_Sess1_Varali
15,166.7259791047637,168.7861765551615,2018_11_13_am_Sec_1_P2_Varaali_slates,Performer1_Sess1_Varali
16,254.36437841464576,256.38457203105526,2018_11_13_am_Sec_1_P2_Varaali_slates,Performer1_Sess1_Varali
17,71.97689830346016,73.99709191986963,2018_11_13_am_Sec_1_P2_Varaali_slates,Performer1_Sess1_Varali
18,105.81014089907023,107.8303345154797,2018_11_13_am_Sec_1_P2_Varaali_slates,Performer1_Sess1_Varali
19,129.56241732962712,131.5826109460366,2018_11_13_am_Sec_1_P2_Varaali_slates,Performer1_Sess1_Varali
25,74.04709671235501,78.31750599060672,2018_11_13_am_Sec_2_P1_Shankara_slates,Performer1_Sess1_Shankarabharanam
26,253.46429214990889,256.7846103709383,2018_11_13_am_Sec_2_P1_Shankara_slates,Performer1_Sess1_Shankarabharanam
27,49.7947723569443,52.355017732195904,2018_11_13_am_Sec_2_P1_Shankara_slates,Performer1_Sess1_Shankarabharanam
28,115.03102463337484,117.54126521614108,2018_11_13_am_Sec_2_P1_Shankara_slates,Performer1_Sess1_Shankarabharanam
29,248.2037879804466,250.58401610275084,2018_11_13_am_Sec_2_P1_Shankara_slates,Performer1_Sess1_Shankarabharanam
30,48.89468609220741,51.22490942202625,2018_11_13_am_Sec_2_P1_Shankara_slates,Performer1_Sess1_Shankarabharanam
31,97.48934342950253,99.81956675932136,2018_11_13_am_Sec_2_P1_Shankara_slates,Performer1_Sess1_Shankarabharanam
32,100.9996798619764,103.14988593884787,2018_11_13_am_Sec_2_P1_Shankara_slates,Performer1_Sess1_Shankarabharanam
34,126.10208568963864,128.12227930604809,2018_11_13_am_Sec_2_P1_Shankara_slates,Performer1_Sess1_Shankarabharanam
35,281.3569653982555,283.7371935205597,2018_11_13_am_Sec_2_P1_Shankara_slates,Performer1_Sess1_Shankarabharanam
36,110.08055017732194,112.14074762771972,2018_11_13_am_Sec_2_P1_Shankara_slates,Performer1_Sess1_Shankarabharanam
43,71.93689446947185,76.33731620818556,2018_11_13_am_Sec_3_P1_Anandabhairavi_slates,Performer1_Sess1_Anandabhairavi
44,124.12189590721746,128.2522917665101,2018_11_13_am_Sec_3_P1_Anandabhairavi_slates,Performer1_Sess1_Anandabhairavi
45,39.6738023579028,43.40415987731237,2018_11_13_am_Sec_3_P1_Anandabhairavi_slates,Performer1_Sess1_Anandabhairavi
47,51.19490654653502,54.33520751461707,2018_11_13_am_Sec_3_P1_Anandabhairavi_slates,Performer1_Sess1_Anandabhairavi
48,25.502444167545285,28.602741301639025,2018_11_13_am_Sec_3_P1_Anandabhairavi_slates,Performer1_Sess1_Anandabhairavi
49,232.8123128534457,235.9126099875395,2018_11_13_am_Sec_3_P1_Anandabhairavi_slates,Performer1_Sess1_Anandabhairavi
51,70.35674302693376,73.13700948912104,2018_11_13_am_Sec_3_P1_Anandabhairavi_slates,Performer1_Sess1_Anandabhairavi
52,68.96660979584011,71.65686763155371,2018_11_13_am_Sec_3_P1_Anandabhairavi_slates,Performer1_Sess1_Anandabhairavi
53,74.1371053388287,76.96737659350137,2018_11_13_am_Sec_3_P1_Anandabhairavi_slates,Performer1_Sess1_Anandabhairavi
54,218.64095466308825,221.24120387232816,2018_11_13_am_Sec_3_P1_Anandabhairavi_slates,Performer1_Sess1_Anandabhairavi
55,85.47819227451355,87.94842902329147,2018_11_13_am_Sec_3_P1_Anandabhairavi_slates,Performer1_Sess1_Anandabhairavi
56,107.7903306814914,110.08055017732194,2018_11_13_am_Sec_3_P1_Anandabhairavi_slates,Performer1_Sess1_Anandabhairavi
57,55.55532445126041,57.84554394709095,2018_11_13_am_Sec_3_P1_Anandabhairavi_slates,Performer1_Sess1_Anandabhairavi
58,80.83774753187001,83.6180139940573,2018_11_13_am_Sec_3_P1_Anandabhairavi_slates,Performer1_Sess1_Anandabhairavi
59,216.57075625419336,218.59094987060288,2018_11_13_am_Sec_3_P1_Anandabhairavi_slates,Performer1_Sess1_Anandabhairavi
60,123.58184414837532,126.05208089715325,2018_11_13_am_Sec_3_P1_Anandabhairavi_slates,Performer1_Sess1_Anandabhairavi
62,110.13055496980732,112.2807610466788,2018_11_13_am_Sec_3_P1_Anandabhairavi_slates,Performer1_Sess1_Anandabhairavi
72,51.77496213936546,56.94545768235406,2018_11_13_am_Sec_3_P3_Kalyani_slates,Performer1_Sess1_Kalyani
73,26.45253522476756,29.86286207227068,2018_11_13_am_Sec_3_P3_Kalyani_slates,Performer1_Sess1_Kalyani
74,157.23506949103802,160.46537908559375,2018_11_13_am_Sec_3_P3_Kalyani_slates,Performer1_Sess1_Kalyani
75,36.07345729895523,39.35377168599635,2018_11_13_am_Sec_3_P3_Kalyani_slates,Performer1_Sess1_Kalyani
77,233.4423732387616,236.27264449343423,2018_11_13_am_Sec_3_P3_Kalyani_slates,Performer1_Sess1_Kalyani
78,61.22586791910283,63.69610466788075,2018_11_13_am_Sec_3_P3_Kalyani_slates,Performer1_Sess1_Kalyani
79,259.4048614971724,261.8750982459503,2018_11_13_am_Sec_3_P3_Kalyani_slates,Performer1_Sess1_Kalyani
80,120.92158918815296,123.03179143103613,2018_11_13_am_Sec_3_P3_Kalyani_slates,Performer1_Sess1_Kalyani
91,214.68057509824592,217.96088948528703,2018_11_13_am_Sec_3_P5_Todi_slates,Performer1_Sess1_Todi
92,224.22148950445697,227.5018038914981,2018_11_13_am_Sec_3_P5_Todi_slates,Performer1_Sess1_Todi
93,30.40291383111281,33.41320233873286,2018_11_13_am_Sec_3_P5_Todi_slates,Performer1_Sess1_Todi
94,65.49627719735453,67.82650052717338,2018_11_13_am_Sec_3_P5_Todi_slates,Performer1_Sess1_Todi
95,17.401667784913254,19.69188728074379,2018_11_13_am_Sec_3_P5_Todi_slates,Performer1_Sess1_Todi
96,270.01587846257064,272.2560931659158,2018_11_13_am_Sec_3_P5_Todi_slates,Performer1_Sess1_Todi
98,42.73409565800824,44.79429310840601,2018_11_13_am_Sec_3_P5_Todi_slates,Performer1_Sess1_Todi
108,51.19490654653502,55.86535416466979,2018_11_13_am_Sec_3_P8_Bilahari_B_slates,Performer1_Sess1_Bilahari
109,91.7287913351864,96.0892092399118,2018_11_13_am_Sec_3_P8_Bilahari_B_slates,Performer1_Sess1_Bilahari
110,99.28951595897632,103.05987731237418,2018_11_13_am_Sec_3_P8_Bilahari_B_slates,Performer1_Sess1_Bilahari
111,86.82832167161888,90.50867439854306,2018_11_13_am_Sec_3_P8_Bilahari_B_slates,Performer1_Sess1_Bilahari
112,202.3593942298476,205.99974312278343,2018_11_13_am_Sec_3_P8_Bilahari_B_slates,Performer1_Sess1_Bilahari
113,230.43208473114152,233.71239911818265,2018_11_13_am_Sec_3_P8_Bilahari_B_slates,Performer1_Sess1_Bilahari
114,213.34044665963765,216.390739001246,2018_11_13_am_Sec_3_P8_Bilahari_B_slates,Performer1_Sess1_Bilahari
115,239.38294258602508,242.3932310936451,2018_11_13_am_Sec_3_P8_Bilahari_B_slates,Performer1_Sess1_Bilahari
116,85.9682392408703,88.74850570305759,2018_11_13_am_Sec_3_P8_Bilahari_B_slates,Performer1_Sess1_Bilahari
117,65.27625611041886,67.96651394613245,2018_11_13_am_Sec_3_P8_Bilahari_B_slates,Performer1_Sess1_Bilahari
118,79.84765264065943,82.53791047637303,2018_11_13_am_Sec_3_P8_Bilahari_B_slates,Performer1_Sess1_Bilahari
119,63.69610466788075,66.34635866960605,2018_11_13_am_Sec_3_P8_Bilahari_B_slates,Performer1_Sess1_Bilahari
121,153.2746899261957,155.56490942202623,2018_11_13_am_Sec_3_P8_Bilahari_B_slates,Performer1_Sess1_Bilahari
122,105.14007667976612,107.7903306814914,2018_11_13_am_Sec_3_P8_Bilahari_B_slates,Performer1_Sess1_Bilahari
123,112.20075337870216,114.53097670852102,2018_11_13_am_Sec_3_P8_Bilahari_B_slates,Performer1_Sess1_Bilahari
124,66.6663893415125,68.90660404485764,2018_11_13_am_Sec_3_P8_Bilahari_B_slates,Performer1_Sess1_Bilahari
126,99.19950733250262,101.34971340937408,2018_11_13_am_Sec_3_P8_Bilahari_B_slates,Performer1_Sess1_Bilahari
127,236.51266749736408,238.71287836672093,2018_11_13_am_Sec_3_P8_Bilahari_B_slates,Performer1_Sess1_Bilahari
134,75.16720406402759,79.11758267037284,2018_11_13_am_Sec_4_P1_Atana_slatesB,Performer1_Sess1_Atana
135,69.45665676219686,73.3670315345538,2018_11_13_am_Sec_4_P1_Atana_slatesB,Performer1_Sess1_Atana
136,86.36827758075336,90.09863510016292,2018_11_13_am_Sec_4_P1_Atana_slatesB,Performer1_Sess1_Atana
140,94.10901945749065,96.97929454615162,2018_11_13_am_Sec_4_P1_Atana_slatesB,Performer1_Sess1_Atana
142,108.41039010831015,111.01063931755006,2018_11_13_am_Sec_4_P1_Atana_slatesB,Performer1_Sess1_Atana
143,37.20356560912489,39.76381098437649,2018_11_13_am_Sec_4_P1_Atana_slatesB,Performer1_Sess1_Atana
144,60.6858161602607,63.55609124892168,2018_11_13_am_Sec_4_P1_Atana_slatesB,Performer1_Sess1_Atana
145,92.978911147321,95.4891517300872,2018_11_13_am_Sec_4_P1_Atana_slatesB,Performer1_Sess1_Atana
146,40.70390108310169,43.12413303939422,2018_11_13_am_Sec_4_P1_Atana_slatesB,Performer1_Sess1_Atana
147,81.91785104955429,84.11806191891114,2018_11_13_am_Sec_4_P1_Atana_slatesB,Performer1_Sess1_Atana
148,113.49087702482504,115.6910878941819,2018_11_13_am_Sec_4_P1_Atana_slatesB,Performer1_Sess1_Atana
149,22.892193999808296,25.04240007667976,2018_11_13_am_Sec_4_P1_Atana_slatesB,Performer1_Sess1_Atana
161,164.65578069586886,170.2263145787405,2018_11_13_pm_Sec_1_P1_Varaali_slates,Performer1_Sess2_Varali
162,136.44307677561582,141.6535761525927,2018_11_13_pm_Sec_1_P1_Varaali_slates,Performer1_Sess2_Varali
163,175.72684175213263,179.85723761142526,2018_11_13_pm_Sec_1_P1_Varaali_slates,Performer1_Sess2_Varali
164,166.90599635771108,170.2263145787405,2018_11_13_pm_Sec_1_P1_Varaali_slates,Performer1_Sess2_Varali
165,194.16860922074184,197.48892744177127,2018_11_13_pm_Sec_1_P1_Varaali_slates,Performer1_Sess2_Varali
166,180.6273114157001,183.85762101025588,2018_11_13_pm_Sec_1_P1_Varaali_slates,Performer1_Sess2_Varali
167,96.769274417713,99.68955429885936,2018_11_13_pm_Sec_1_P1_Varaali_slates,Performer1_Sess2_Varali
168,158.67520751461706,161.45547397680434,2018_11_13_pm_Sec_1_P1_Varaali_slates,Performer1_Sess2_Varali
169,201.9493549314674,204.45959551423363,2018_11_13_pm_Sec_1_P1_Varaali_slates,Performer1_Sess2_Varali
170,153.72473305856414,156.19496980734206,2018_11_13_pm_Sec_1_P1_Varaali_slates,Performer1_Sess2_Varali
171,106.93024825074282,109.35048020703536,2018_11_13_pm_Sec_1_P1_Varaali_slates,Performer1_Sess2_Varali
172,175.45681587271156,177.87704782900408,2018_11_13_pm_Sec_1_P1_Varaali_slates,Performer1_Sess2_Varali
173,108.33038244033354,110.350576056743,2018_11_13_pm_Sec_1_P1_Varaali_slates,Performer1_Sess2_Varali
179,140.00341800057507,142.78368446276235,2018_11_13_pm_Sec_2_P1_Kalyani_slates,Performer1_Sess2_Kalyani
180,128.0822754720598,130.7725333077734,2018_11_13_pm_Sec_2_P1_Kalyani_slates,Performer1_Sess2_Kalyani
181,143.24372855362788,145.57395188344674,2018_11_13_pm_Sec_2_P1_Kalyani_slates,Performer1_Sess2_Kalyani
182,134.33287453273266,136.35306814914213,2018_11_13_pm_Sec_2_P1_Kalyani_slates,Performer1_Sess2_Kalyani
189,65.7663030767756,70.48675548739575,2018_11_13_pm_Sec_3_P1_Todi_A_slates,Performer1_Sess2_TodiA
190,33.28318987827087,36.78352535224767,2018_11_13_pm_Sec_3_P1_Todi_A_slates,Performer1_Sess2_TodiA
191,132.04265503690212,136.26305952266844,2018_11_13_pm_Sec_3_P1_Todi_A_slates,Performer1_Sess2_TodiA
192,60.59580753378701,63.876121920828126,2018_11_13_pm_Sec_3_P1_Todi_A_slates,Performer1_Sess2_TodiA
193,82.99795456723855,86.0982517013323,2018_11_13_pm_Sec_3_P1_Todi_A_slates,Performer1_Sess2_TodiA
194,21.9521039010831,25.322426914597905,2018_11_13_pm_Sec_3_P1_Todi_A_slates,Performer1_Sess2_TodiA
195,79.03757500239622,81.72783283810983,2018_11_13_pm_Sec_3_P1_Todi_A_slates,Performer1_Sess2_TodiA
196,149.54433240678614,152.2345902424997,2018_11_13_pm_Sec_3_P1_Todi_A_slates,Performer1_Sess2_TodiA
197,171.04639317550078,173.6466423847407,2018_11_13_pm_Sec_3_P1_Todi_A_slates,Performer1_Sess2_TodiA
198,72.02690309594554,74.53714367871177,2018_11_13_pm_Sec_3_P1_Todi_A_slates,Performer1_Sess2_TodiA
199,57.675527652640646,60.14576440141857,2018_11_13_pm_Sec_3_P1_Todi_A_slates,Performer1_Sess2_TodiA
201,131.09256397967982,133.4227873094987,2018_11_13_pm_Sec_3_P1_Todi_A_slates,Performer1_Sess2_TodiA
202,23.162219879229365,25.312425956100828,2018_11_13_pm_Sec_3_P1_Todi_A_slates,Performer1_Sess2_TodiA
203,123.8918738617847,126.04207993865616,2018_11_13_pm_Sec_3_P1_Todi_A_slates,Performer1_Sess2_TodiA
204,172.21650531965875,174.3667113965302,2018_11_13_pm_Sec_3_P1_Todi_A_slates,Performer1_Sess2_TodiA
205,175.67683695964723,177.82704303651872,2018_11_13_pm_Sec_3_P1_Todi_A_slates,Performer1_Sess2_TodiA
206,166.14592351193326,168.20612096233103,2018_11_13_pm_Sec_3_P1_Todi_A_slates,Performer1_Sess2_TodiA
208,36.84353110323013,38.8637247196396,2018_11_13_pm_Sec_3_P1_Todi_A_slates,Performer1_Sess2_TodiA
209,143.2837323876162,145.30392600402567,2018_11_13_pm_Sec_3_P1_Todi_A_slates,Performer1_Sess2_TodiA
222,99.509537045912,101.56973449630976,2018_11_13_pm_Sec_3_P1_Todi_A_slates,Performer1_Sess2_TodiA
226,250.9440506086456,255.434480973833,2018_11_13_pm_Sec_4_P1_Shankara_slates,Performer1_Sess2_Shankarabharanam
227,256.0245375251605,260.2949468034122,2018_11_13_pm_Sec_4_P1_Shankara_slates,Performer1_Sess2_Shankarabharanam
228,122.68175788363844,126.18209335761524,2018_11_13_pm_Sec_4_P1_Shankara_slates,Performer1_Sess2_Shankarabharanam
229,83.447997699607,86.76831592063643,2018_11_13_pm_Sec_4_P1_Shankara_slates,Performer1_Sess2_Shankarabharanam
231,101.30970957538578,104.5000153359532,2018_11_13_pm_Sec_4_P1_Shankara_slates,Performer1_Sess2_Shankarabharanam
233,189.75818652353107,192.44844435924463,2018_11_13_pm_Sec_4_P1_Shankara_slates,Performer1_Sess2_Shankarabharanam
234,59.735725103038426,62.33597431227834,2018_11_13_pm_Sec_4_P1_Shankara_slates,Performer1_Sess2_Shankarabharanam
236,192.228423272309,194.5186427681396,2018_11_13_pm_Sec_4_P1_Shankara_slates,Performer1_Sess2_Shankarabharanam
237,78.27750215661841,80.51771685996356,2018_11_13_pm_Sec_4_P1_Shankara_slates,Performer1_Sess2_Shankarabharanam
238,85.38818364803986,87.62839835138502,2018_11_13_pm_Sec_4_P1_Shankara_slates,Performer1_Sess2_Shankarabharanam
239,57.17547972778682,59.37569059714367,2018_11_13_pm_Sec_4_P1_Shankara_slates,Performer1_Sess2_Shankarabharanam
240,86.55829579219781,88.75850666155466,2018_11_13_pm_Sec_4_P1_Shankara_slates,Performer1_Sess2_Shankarabharanam
244,61.17586312661745,63.28606536950061,2018_11_13_pm_Sec_4_P1_Shankara_slates,Performer1_Sess2_Shankarabharanam
249,231.24216236940472,233.62239049170896,2018_11_13_pm_Sec_4_P1_Shankara_slates,Performer1_Sess2_Shankarabharanam
256,181.65741014089903,185.20775040736123,2018_11_13_pm_Sec_5_P1_Bilahari_slates,Performer1_Sess2_Bilahari
257,147.1140994919965,150.61443496597332,2018_11_13_pm_Sec_5_P1_Bilahari_slates,Performer1_Sess2_Bilahari
258,152.32459886897342,155.69492188248822,2018_11_13_pm_Sec_5_P1_Bilahari_slates,Performer1_Sess2_Bilahari
259,185.2577551998466,188.44806096041404,2018_11_13_pm_Sec_5_P1_Bilahari_slates,Performer1_Sess2_Bilahari
260,43.86420396817789,46.60446659637688,2018_11_13_pm_Sec_5_P1_Bilahari_slates,Performer1_Sess2_Bilahari
261,136.35306814914213,139.04332598485573,2018_11_13_pm_Sec_5_P1_Bilahari_slates,Performer1_Sess2_Bilahari
262,121.87168024537525,124.52193424710052,2018_11_13_pm_Sec_5_P1_Bilahari_slates,Performer1_Sess2_Bilahari
263,24.6023579028084,27.56264161794306,2018_11_13_pm_Sec_5_P1_Bilahari_slates,Performer1_Sess2_Bilahari
264,98.83947282660786,101.43972203584777,2018_11_13_pm_Sec_5_P1_Bilahari_slates,Performer1_Sess2_Bilahari
265,68.91660500335473,71.15681970669988,2018_11_13_pm_Sec_5_P1_Bilahari_slates,Performer1_Sess2_Bilahari
268,45.07431994632415,47.31453464966931,2018_11_13_pm_Sec_5_P1_Bilahari_slates,Performer1_Sess2_Bilahari
280,69.54666538867055,72.82697977571166,2018_11_15_Sec_10_P1_Atana_slates,Performer2_Sess1_Atana
282,96.13921403239718,98.42943352822772,2018_11_15_Sec_10_P1_Atana_slates,Performer2_Sess1_Atana
283,265.9254864372664,268.1657011406115,2018_11_15_Sec_10_P1_Atana_slates,Performer2_Sess1_Atana
284,163.2656474647752,165.41585354164667,2018_11_15_Sec_10_P1_Atana_slates,Performer2_Sess1_Atana
285,103.24989552381864,105.3100929742164,2018_11_15_Sec_10_P1_Atana_slates,Performer2_Sess1_Atana
296,374.12585641713787,376.63609699990405,2018_11_15_Sec_12_P1_Kalyani_slates,Performer2_Sess1_Kalyani
297,92.7588900603853,95.08911339020416,2018_11_15_Sec_12_P1_Kalyani_slates,Performer2_Sess1_Kalyani
298,45.97440621106104,48.174617080417896,2018_11_15_Sec_12_P1_Kalyani_slates,Performer2_Sess1_Kalyani
299,162.585582286974,164.78579315633084,2018_11_15_Sec_12_P1_Kalyani_slates,Performer2_Sess1_Kalyani
301,277.53659925237224,279.68680532924367,2018_11_15_Sec_12_P1_Kalyani_slates,Performer2_Sess1_Kalyani
302,292.78806096041404,294.8982632032972,2018_11_15_Sec_12_P1_Kalyani_slates,Performer2_Sess1_Kalyani
303,165.33584587367005,167.39604332406782,2018_11_15_Sec_12_P1_Kalyani_slates,Performer2_Sess1_Kalyani
304,148.6842499760375,150.74444742643533,2018_11_15_Sec_12_P1_Kalyani_slates,Performer2_Sess1_Kalyani
305,333.64197642097184,335.6621700373813,2018_11_15_Sec_12_P1_Kalyani_slates,Performer2_Sess1_Kalyani
306,296.3884060193616,298.40859963577105,2018_11_15_Sec_12_P1_Kalyani_slates,Performer2_Sess1_Kalyani
308,263.18522380906734,265.2054174254768,2018_11_15_Sec_12_P1_Kalyani_slates,Performer2_Sess1_Kalyani
324,180.3172817022908,184.8077120674781,2018_11_15_Sec_13_P1_Bhairavi_slates,Performer2_Sess1_Bhairavi
325,234.26245183552183,238.3028390683408,2018_11_15_Sec_13_P1_Bhairavi_slates,Performer2_Sess1_Bhairavi
326,127.8622543851241,131.05256014569153,2018_11_15_Sec_13_P1_Bhairavi_slates,Performer2_Sess1_Bhairavi
328,357.5742701044761,360.98459695197926,2018_11_15_Sec_13_P1_Bhairavi_slates,Performer2_Sess1_Bhairavi
329,218.470938368638,221.2112009968369,2018_11_15_Sec_13_P1_Bhairavi_slates,Performer2_Sess1_Bhairavi
331,118.54136106584872,121.19161506757402,2018_11_15_Sec_13_P1_Bhairavi_slates,Performer2_Sess1_Bhairavi
332,122.68175788363844,125.28200709287836,2018_11_15_Sec_13_P1_Bhairavi_slates,Performer2_Sess1_Bhairavi
334,182.5174925716476,185.02773315441385,2018_11_15_Sec_13_P1_Bhairavi_slates,Performer2_Sess1_Bhairavi
335,372.33568484616114,374.93593405540105,2018_11_15_Sec_13_P1_Bhairavi_slates,Performer2_Sess1_Bhairavi
336,310.01971245087697,312.5799578261286,2018_11_15_Sec_13_P1_Bhairavi_slates,Performer2_Sess1_Bhairavi
337,209.96012268762576,212.3803546439183,2018_11_15_Sec_13_P1_Bhairavi_slates,Performer2_Sess1_Bhairavi
338,359.15442154701424,361.6646621297804,2018_11_15_Sec_13_P1_Bhairavi_slates,Performer2_Sess1_Bhairavi
339,352.7638090673823,354.8740113102654,2018_11_15_Sec_13_P1_Bhairavi_slates,Performer2_Sess1_Bhairavi
340,251.2240774465637,253.51429694239428,2018_11_15_Sec_13_P1_Bhairavi_slates,Performer2_Sess1_Bhairavi
341,236.3326502444167,238.35284386082617,2018_11_15_Sec_13_P1_Bhairavi_slates,Performer2_Sess1_Bhairavi
342,240.5130508961948,243.11330010543463,2018_11_15_Sec_13_P1_Bhairavi_slates,Performer2_Sess1_Bhairavi
348,419.9302463337486,422.3104744560528,2018_11_15_Sec_13_P1_Bhairavi_slates,Performer2_Sess1_Bhairavi
350,301.7489197737946,303.8591220166778,2018_11_15_Sec_13_P1_Bhairavi_slates,Performer2_Sess1_Bhairavi
355,324.6011099396146,327.2013591488545,2018_11_15_Sec_13_P1_Bhairavi_slates,Performer2_Sess1_Bhairavi
391,165.195832454711,169.19621585354162,2018_11_15_Sec_4_P1_Shankara_slates,Performer2_Sess1_Shankarabharanam
392,44.08422505511357,48.084608453944206,2018_11_15_Sec_4_P1_Shankara_slates,Performer2_Sess1_Shankarabharanam
393,319.8306527365091,323.3809930029713,2018_11_15_Sec_4_P1_Shankara_slates,Performer2_Sess1_Shankarabharanam
394,346.8632435541071,350.3235751940956,2018_11_15_Sec_4_P1_Shankara_slates,Performer2_Sess1_Shankarabharanam
395,98.6994594076488,102.55982938752037,2018_11_15_Sec_4_P1_Shankara_slates,Performer2_Sess1_Shankarabharanam
396,307.2294450301926,310.09972011885355,2018_11_15_Sec_4_P1_Shankara_slates,Performer2_Sess1_Shankarabharanam
397,87.49838589092302,90.238648519122,2018_11_15_Sec_4_P1_Shankara_slates,Performer2_Sess1_Shankarabharanam
398,276.0964612287932,279.4167794498226,2018_11_15_Sec_4_P1_Shankara_slates,Performer2_Sess1_Shankarabharanam
400,26.672556311703243,29.322810313428537,2018_11_15_Sec_4_P1_Shankara_slates,Performer2_Sess1_Shankarabharanam
401,403.1986427681395,405.5288660979583,2018_11_15_Sec_4_P1_Shankara_slates,Performer2_Sess1_Shankarabharanam
402,313.67006230231,316.05029042461416,2018_11_15_Sec_4_P1_Shankara_slates,Performer2_Sess1_Shankarabharanam
403,55.55532445126041,57.84554394709095,2018_11_15_Sec_4_P1_Shankara_slates,Performer2_Sess1_Shankarabharanam
404,187.01792389533207,189.25813859867725,2018_11_15_Sec_4_P1_Shankara_slates,Performer2_Sess1_Shankarabharanam
405,46.11441963002012,48.31463049937697,2018_11_15_Sec_4_P1_Shankara_slates,Performer2_Sess1_Shankarabharanam
406,261.0250167736988,263.2652314770439,2018_11_15_Sec_4_P1_Shankara_slates,Performer2_Sess1_Shankarabharanam
407,288.55765551615065,290.8478750119812,2018_11_15_Sec_4_P1_Shankara_slates,Performer2_Sess1_Shankarabharanam
408,91.7787961276718,93.92900220454324,2018_11_15_Sec_4_P1_Shankara_slates,Performer2_Sess1_Shankarabharanam
409,368.9553608741493,371.1055669510207,2018_11_15_Sec_4_P1_Shankara_slates,Performer2_Sess1_Shankarabharanam
410,411.3794268187481,413.5296328956196,2018_11_15_Sec_4_P1_Shankara_slates,Performer2_Sess1_Shankarabharanam
411,242.7632665580369,245.0534860538675,2018_11_15_Sec_4_P1_Shankara_slates,Performer2_Sess1_Shankarabharanam
412,257.29465925428923,259.4048614971724,2018_11_15_Sec_4_P1_Shankara_slates,Performer2_Sess1_Shankarabharanam
413,277.8566299242787,279.96683216716184,2018_11_15_Sec_4_P1_Shankara_slates,Performer2_Sess1_Shankarabharanam
414,374.1358573756349,376.87612000383393,2018_11_15_Sec_4_P1_Shankara_slates,Performer2_Sess1_Shankarabharanam
415,304.669199654941,306.77940189782413,2018_11_15_Sec_4_P1_Shankara_slates,Performer2_Sess1_Shankarabharanam
416,161.5954873957634,163.61568101217287,2018_11_15_Sec_4_P1_Shankara_slates,Performer2_Sess1_Shankarabharanam
417,321.36079938656184,323.3809930029713,2018_11_15_Sec_4_P1_Shankara_slates,Performer2_Sess1_Shankarabharanam
418,157.19506565704972,159.61529761334225,2018_11_15_Sec_4_P1_Shankara_slates,Performer2_Sess1_Shankarabharanam
419,237.13272692418283,239.2829330010543,2018_11_15_Sec_4_P1_Shankara_slates,Performer2_Sess1_Shankarabharanam
421,80.20768714655419,82.31788938943734,2018_11_15_Sec_4_P1_Shankara_slates,Performer2_Sess1_Shankarabharanam
424,64.32616505319658,66.34635866960605,2018_11_15_Sec_4_P1_Shankara_slates,Performer2_Sess1_Shankarabharanam
426,318.1604926674973,320.5407207898015,2018_11_15_Sec_4_P1_Shankara_slates,Performer2_Sess1_Shankarabharanam
428,272.3160989168982,274.4663049937697,2018_11_15_Sec_4_P1_Shankara_slates,Performer2_Sess1_Shankarabharanam
445,130.01246046199557,132.84273171666825,2018_11_15_Sec_6_P1_Varaali_slates,Performer2_Sess1_Varali
446,141.12352535224764,144.0838090673823,2018_11_15_Sec_6_P1_Varaali_slates,Performer2_Sess1_Varali
447,168.83618134764686,170.89637879804462,2018_11_15_Sec_6_P1_Varaali_slates,Performer2_Sess1_Varali
449,148.55423751557555,150.6644397584587,2018_11_15_Sec_6_P1_Varaali_slates,Performer2_Sess1_Varali
453,77.05738521997506,79.07757883638453,2018_11_15_Sec_6_P1_Varaali_slates,Performer2_Sess1_Varali
464,133.8428275663759,136.5330854020895,2018_11_15_Sec_8_P1_Bilahari_slates,Performer2_Sess1_Bilahari
465,113.6408914022812,116.24114061152112,2018_11_15_Sec_8_P1_Bilahari_slates,Performer2_Sess1_Bilahari
466,106.300187865427,108.72041982171952,2018_11_15_Sec_8_P1_Bilahari_slates,Performer2_Sess1_Bilahari
467,89.34856321288218,91.8187999616601,2018_11_15_Sec_8_P1_Bilahari_slates,Performer2_Sess1_Bilahari
468,42.73409565800824,45.15432761430077,2018_11_15_Sec_8_P1_Bilahari_slates,Performer2_Sess1_Bilahari
469,191.4683504265312,193.8485785488353,2018_11_15_Sec_8_P1_Bilahari_slates,Performer2_Sess1_Bilahari
470,110.17055880379564,112.55078692609986,2018_11_15_Sec_8_P1_Bilahari_slates,Performer2_Sess1_Bilahari
471,206.3197737946899,208.60999329052044,2018_11_15_Sec_8_P1_Bilahari_slates,Performer2_Sess1_Bilahari
494,76.34731716668263,81.51781270967122,2018_11_15_Sec_9_P1_Todi_slates,Performer2_Sess1_Todi
498,324.1510668072462,327.74141090769666,2018_11_15_Sec_9_P1_Todi_slates,Performer2_Sess1_Todi
499,55.60532924374579,59.065660883734296,2018_11_15_Sec_9_P1_Todi_slates,Performer2_Sess1_Todi
500,357.3042442250551,360.71457107255816,2018_11_15_Sec_9_P1_Todi_slates,Performer2_Sess1_Todi
502,361.30462762388566,364.4449285919677,2018_11_15_Sec_9_P1_Todi_slates,Performer2_Sess1_Todi
505,257.29465925428923,260.394956388383,2018_11_15_Sec_9_P1_Todi_slates,Performer2_Sess1_Todi
506,377.3261631362024,380.3364516438224,2018_11_15_Sec_9_P1_Todi_slates,Performer2_Sess1_Todi
507,320.32069970286585,323.2409795840122,2018_11_15_Sec_9_P1_Todi_slates,Performer2_Sess1_Todi
508,284.5972759513083,287.7875817118757,2018_11_15_Sec_9_P1_Todi_slates,Performer2_Sess1_Todi
510,66.57638071503881,69.40665196971148,2018_11_15_Sec_9_P1_Todi_slates,Performer2_Sess1_Todi
511,237.9028007284577,240.6430633566567,2018_11_15_Sec_9_P1_Todi_slates,Performer2_Sess1_Todi
513,298.09856992236166,300.6988191316016,2018_11_15_Sec_9_P1_Todi_slates,Performer2_Sess1_Todi
514,30.81295312949295,33.37319850474456,2018_11_15_Sec_9_P1_Todi_slates,Performer2_Sess1_Todi
517,168.97619476660594,171.84646985526692,2018_11_15_Sec_9_P1_Todi_slates,Performer2_Sess1_Todi
518,338.81247196396043,341.3227125467267,2018_11_15_Sec_9_P1_Todi_slates,Performer2_Sess1_Todi
519,272.3160989168982,274.7863356656762,2018_11_15_Sec_9_P1_Todi_slates,Performer2_Sess1_Todi
520,71.66686859005078,74.08710054634332,2018_11_15_Sec_9_P1_Todi_slates,Performer2_Sess1_Todi
521,92.5388689734496,94.95910092974216,2018_11_15_Sec_9_P1_Todi_slates,Performer2_Sess1_Todi
522,133.6628103134285,136.08304226972106,2018_11_15_Sec_9_P1_Todi_slates,Performer2_Sess1_Todi
523,172.88656953896287,175.2667976612671,2018_11_15_Sec_9_P1_Todi_slates,Performer2_Sess1_Todi
524,384.5268532540975,387.3071197162848,2018_11_15_Sec_9_P1_Todi_slates,Performer2_Sess1_Todi
525,94.06901562350232,96.66926483274224,2018_11_15_Sec_9_P1_Todi_slates,Performer2_Sess1_Todi
526,233.0423348988785,235.37255822869736,2018_11_15_Sec_9_P1_Todi_slates,Performer2_Sess1_Todi
528,245.23350330681487,247.5237228026454,2018_11_15_Sec_9_P1_Todi_slates,Performer2_Sess1_Todi
529,419.3901945749065,421.680414070737,2018_11_15_Sec_9_P1_Todi_slates,Performer2_Sess1_Todi
531,51.5049362599444,53.745150963289554,2018_11_15_Sec_9_P1_Todi_slates,Performer2_Sess1_Todi
532,266.6055516150675,268.8457663184127,2018_11_15_Sec_9_P1_Todi_slates,Performer2_Sess1_Todi
533,269.97587462858235,272.2160893319275,2018_11_15_Sec_9_P1_Todi_slates,Performer2_Sess1_Todi
534,404.7687932521805,407.2390300009584,2018_11_15_Sec_9_P1_Todi_slates,Performer2_Sess1_Todi
535,110.71061056263775,112.86081663950922,2018_11_15_Sec_9_P1_Todi_slates,Performer2_Sess1_Todi
536,329.45157481069674,331.6017808875682,2018_11_15_Sec_9_P1_Todi_slates,Performer2_Sess1_Todi
537,90.33865810409276,92.44886034697592,2018_11_15_Sec_9_P1_Todi_slates,Performer2_Sess1_Todi
540,116.70118470238664,118.7213783187961,2018_11_15_Sec_9_P1_Todi_slates,Performer2_Sess1_Todi
541,340.0325889006038,342.05278251701327,2018_11_15_Sec_9_P1_Todi_slates,Performer2_Sess1_Todi
542,114.00092590817596,116.02111952458544,2018_11_15_Sec_9_P1_Todi_slates,Performer2_Sess1_Todi
543,364.86496884884497,366.8851624652544,2018_11_15_Sec_9_P1_Todi_slates,Performer2_Sess1_Todi
546,413.8596645260231,416.189887855842,2018_11_15_Sec_9_P1_Todi_slates,Performer2_Sess1_Todi
566,113.46087414933382,117.50126138215276,2018_11_18_am_Sec_1_P1_Varaali_slates,Performer3_Sess1_Varali
567,102.29980446659636,106.1201706124796,2018_11_18_am_Sec_1_P1_Varaali_slates,Performer3_Sess1_Varali
568,428.53107064123446,432.6214626665388,2018_11_18_am_Sec_1_P1_Varaali_slates,Performer3_Sess1_Varali
569,121.51164573948049,124.88196875299528,2018_11_18_am_Sec_1_P1_Varaali_slates,Performer3_Sess1_Varali
570,139.06332790184987,142.20362886993192,2018_11_18_am_Sec_1_P1_Varaali_slates,Performer3_Sess1_Varali
571,128.5723224384165,131.71262340649858,2018_11_18_am_Sec_1_P1_Varaali_slates,Performer3_Sess1_Varali
572,145.04390108310167,148.00418479823634,2018_11_18_am_Sec_1_P1_Varaali_slates,Performer3_Sess1_Varali
573,357.4442576440141,360.3645375251605,2018_11_18_am_Sec_1_P1_Varaali_slates,Performer3_Sess1_Varali
574,408.90919006997024,411.82946995111655,2018_11_18_am_Sec_1_P1_Varaali_slates,Performer3_Sess1_Varali
575,291.5779449822677,294.4082162369404,2018_11_18_am_Sec_1_P1_Varaali_slates,Performer3_Sess1_Varali
576,181.3073765935013,184.2276564746477,2018_11_18_am_Sec_1_P1_Varaali_slates,Performer3_Sess1_Varali
577,387.4071293012556,390.09738713696913,2018_11_18_am_Sec_1_P1_Varaali_slates,Performer3_Sess1_Varali
578,335.8021834563404,338.492441292054,2018_11_18_am_Sec_1_P1_Varaali_slates,Performer3_Sess1_Varali
579,405.5788708904437,408.2691287261573,2018_11_18_am_Sec_1_P1_Varaali_slates,Performer3_Sess1_Varali
580,218.65095562158533,222.06128246908844,2018_11_18_am_Sec_1_P1_Varaali_slates,Performer3_Sess1_Varali
581,434.46163903000087,437.0618882392408,2018_11_18_am_Sec_1_P1_Varaali_slates,Performer3_Sess1_Varali
582,424.8407169558132,427.35095753857945,2018_11_18_am_Sec_1_P1_Varaali_slates,Performer3_Sess1_Varali
583,217.39083485095367,219.8610715997316,2018_11_18_am_Sec_1_P1_Varaali_slates,Performer3_Sess1_Varali
584,345.70313236844623,348.6634160835809,2018_11_18_am_Sec_1_P1_Varaali_slates,Performer3_Sess1_Varali
585,236.9127058372472,239.5629598389725,2018_11_18_am_Sec_1_P1_Varaali_slates,Performer3_Sess1_Varali
586,305.1192427873094,307.49947090961365,2018_11_18_am_Sec_1_P1_Varaali_slates,Performer3_Sess1_Varali
587,134.69290903862742,137.02313236844626,2018_11_18_am_Sec_1_P1_Varaali_slates,Performer3_Sess1_Varali
588,402.0285306239815,404.40875874628574,2018_11_18_am_Sec_1_P1_Varaali_slates,Performer3_Sess1_Varali
589,423.5805961851816,425.8708156810121,2018_11_18_am_Sec_1_P1_Varaali_slates,Performer3_Sess1_Varali
590,271.9160605770152,274.1562752803603,2018_11_18_am_Sec_1_P1_Varaali_slates,Performer3_Sess1_Varali
591,170.55634620914404,172.7565570785009,2018_11_18_am_Sec_1_P1_Varaali_slates,Performer3_Sess1_Varali
592,413.1395955142336,415.3398063835904,2018_11_18_am_Sec_1_P1_Varaali_slates,Performer3_Sess1_Varali
593,474.1054385124124,476.395658008243,2018_11_18_am_Sec_1_P1_Varaali_slates,Performer3_Sess1_Varali
594,322.44090290424606,324.55110514712925,2018_11_18_am_Sec_1_P1_Varaali_slates,Performer3_Sess1_Varali
595,76.29731237419725,78.62753570401608,2018_11_18_am_Sec_1_P1_Varaali_slates,Performer3_Sess1_Varali
596,430.1512259177609,432.4814492475797,2018_11_18_am_Sec_1_P1_Varaali_slates,Performer3_Sess1_Varali
597,419.3901945749065,421.5003968177896,2018_11_18_am_Sec_1_P1_Varaali_slates,Performer3_Sess1_Varali
600,120.5215508482699,123.48183456340456,2018_11_18_am_Sec_1_P1_Varaali_slates,Performer3_Sess1_Varali
601,67.65648423272307,70.256733441963,2018_11_18_am_Sec_1_P1_Varaali_slates,Performer3_Sess1_Varali
611,400.27836288699314,402.5685823828237,2018_11_18_am_Sec_1_P1_Varaali_slates,Performer3_Sess1_Varali
630,393.4377072749928,398.5581980254959,2018_11_18_am_Sec_2_P2_Shankara_slates,Performer3_Sess1_Shankarabharanam
631,370.4955084826991,375.52599060672856,2018_11_18_am_Sec_2_P2_Shankara_slates,Performer3_Sess1_Shankarabharanam
632,45.574367871177984,49.84477714942968,2018_11_18_am_Sec_2_P2_Shankara_slates,Performer3_Sess1_Shankarabharanam
633,422.1404581616025,426.2308501869069,2018_11_18_am_Sec_2_P2_Shankara_slates,Performer3_Sess1_Shankarabharanam
634,450.0831362024345,454.0335148087797,2018_11_18_am_Sec_2_P2_Shankara_slates,Performer3_Sess1_Shankarabharanam
635,101.75975270775422,105.3100929742164,2018_11_18_am_Sec_2_P2_Shankara_slates,Performer3_Sess1_Shankarabharanam
636,221.481226876258,224.9415585162465,2018_11_18_am_Sec_2_P2_Shankara_slates,Performer3_Sess1_Shankarabharanam
637,187.10793252180576,190.3882469088469,2018_11_18_am_Sec_2_P2_Shankara_slates,Performer3_Sess1_Shankarabharanam
638,507.218612096233,510.7189475702098,2018_11_18_am_Sec_2_P2_Shankara_slates,Performer3_Sess1_Shankarabharanam
639,170.59635004313233,173.87666443017346,2018_11_18_am_Sec_2_P2_Shankara_slates,Performer3_Sess1_Shankarabharanam
640,155.5749103805233,158.67520751461706,2018_11_18_am_Sec_2_P2_Shankara_slates,Performer3_Sess1_Shankarabharanam
641,129.12237515575575,132.1726674973641,2018_11_18_am_Sec_2_P2_Shankara_slates,Performer3_Sess1_Shankarabharanam
642,462.7743525352247,465.7846410428447,2018_11_18_am_Sec_2_P2_Shankara_slates,Performer3_Sess1_Shankarabharanam
643,395.55791047637297,398.568198983993,2018_11_18_am_Sec_2_P2_Shankara_slates,Performer3_Sess1_Shankarabharanam
644,483.4663356656761,486.47662417329616,2018_11_18_am_Sec_2_P2_Shankara_slates,Performer3_Sess1_Shankarabharanam
645,511.7190434199175,514.6393233010639,2018_11_18_am_Sec_2_P2_Shankara_slates,Performer3_Sess1_Shankarabharanam
646,566.2942739384644,569.124545193137,2018_11_18_am_Sec_2_P2_Shankara_slates,Performer3_Sess1_Shankarabharanam
647,312.54995495063736,315.38022620531,2018_11_18_am_Sec_2_P2_Shankara_slates,Performer3_Sess1_Shankarabharanam
648,516.7195226684557,519.5497939231284,2018_11_18_am_Sec_2_P2_Shankara_slates,Performer3_Sess1_Shankarabharanam
649,38.77371609316591,41.37396530240582,2018_11_18_am_Sec_2_P2_Shankara_slates,Performer3_Sess1_Shankarabharanam
651,329.1015412632991,331.701790472539,2018_11_18_am_Sec_2_P2_Shankara_slates,Performer3_Sess1_Shankarabharanam
652,164.52576823540684,167.17602223713214,2018_11_18_am_Sec_2_P2_Shankara_slates,Performer3_Sess1_Shankarabharanam
653,69.09662225630211,71.56685900508002,2018_11_18_am_Sec_2_P2_Shankara_slates,Performer3_Sess1_Shankarabharanam
654,150.76444934342948,153.36469855266938,2018_11_18_am_Sec_2_P2_Shankara_slates,Performer3_Sess1_Shankarabharanam
655,418.4601054346783,420.9303421834563,2018_11_18_am_Sec_2_P2_Shankara_slates,Performer3_Sess1_Shankarabharanam
656,317.72045049362595,320.1006786159302,2018_11_18_am_Sec_2_P2_Shankara_slates,Performer3_Sess1_Shankarabharanam
657,108.4703958592926,110.80061918911146,2018_11_18_am_Sec_2_P2_Shankara_slates,Performer3_Sess1_Shankarabharanam
658,95.77917952650245,98.01939422984758,2018_11_18_am_Sec_2_P2_Shankara_slates,Performer3_Sess1_Shankarabharanam
659,405.3188459695197,407.55906067286486,2018_11_18_am_Sec_2_P2_Shankara_slates,Performer3_Sess1_Shankarabharanam
660,429.48116169845673,432.261428160644,2018_11_18_am_Sec_2_P2_Shankara_slates,Performer3_Sess1_Shankarabharanam
661,74.9971877695773,77.19739863893413,2018_11_18_am_Sec_2_P2_Shankara_slates,Performer3_Sess1_Shankarabharanam
662,399.0682469088469,401.2684577782037,2018_11_18_am_Sec_2_P2_Shankara_slates,Performer3_Sess1_Shankarabharanam
663,505.648461612192,507.79866768906345,2018_11_18_am_Sec_2_P2_Shankara_slates,Performer3_Sess1_Shankarabharanam
664,306.55938081088846,308.66958305377165,2018_11_18_am_Sec_2_P2_Shankara_slates,Performer3_Sess1_Shankarabharanam
665,377.7862072270679,379.9364133039393,2018_11_18_am_Sec_2_P2_Shankara_slates,Performer3_Sess1_Shankarabharanam
666,412.4695312949295,414.5797335378126,2018_11_18_am_Sec_2_P2_Shankara_slates,Performer3_Sess1_Shankarabharanam
667,444.6826186140132,446.7428160644109,2018_11_18_am_Sec_2_P2_Shankara_slates,Performer3_Sess1_Shankarabharanam
668,388.48723281893984,390.5074264353493,2018_11_18_am_Sec_2_P2_Shankara_slates,Performer3_Sess1_Shankarabharanam
669,453.50346400843466,455.5236576248441,2018_11_18_am_Sec_2_P2_Shankara_slates,Performer3_Sess1_Shankarabharanam
670,462.4543218633182,464.4745154797277,2018_11_18_am_Sec_2_P2_Shankara_slates,Performer3_Sess1_Shankarabharanam
677,237.7227834755104,239.7429770919198,2018_11_18_am_Sec_2_P2_Shankara_slates,Performer3_Sess1_Shankarabharanam
686,449.5430844435924,451.5632780600018,2018_11_18_am_Sec_2_P2_Shankara_slates,Performer3_Sess1_Shankarabharanam
688,175.9968676315537,178.37709575385793,2018_11_18_am_Sec_2_P2_Shankara_slates,Performer3_Sess1_Shankarabharanam
710,241.9931927537621,245.58353685421253,2018_11_18_am_Sec_3_P1_Anandabhairavi_A_slates,Performer3_Sess1_AnandabhairaviA
711,142.4336509153647,145.9339863893415,2018_11_18_am_Sec_3_P1_Anandabhairavi_A_slates,Performer3_Sess1_AnandabhairaviA
712,184.4976823540688,187.9980178280456,2018_11_18_am_Sec_3_P1_Anandabhairavi_A_slates,Performer3_Sess1_AnandabhairaviA
713,136.67309882104857,139.45336528323585,2018_11_18_am_Sec_3_P1_Anandabhairavi_A_slates,Performer3_Sess1_AnandabhairaviA
714,328.6915019649189,331.3817598006325,2018_11_18_am_Sec_3_P1_Anandabhairavi_A_slates,Performer3_Sess1_AnandabhairaviA
715,422.50049266749727,424.79071216332784,2018_11_18_am_Sec_3_P1_Anandabhairavi_A_slates,Performer3_Sess1_AnandabhairaviA
716,362.9747876928975,365.1249937697689,2018_11_18_am_Sec_3_P1_Anandabhairavi_A_slates,Performer3_Sess1_AnandabhairaviA
717,367.475219016582,369.6254250934534,2018_11_18_am_Sec_3_P1_Anandabhairavi_A_slates,Performer3_Sess1_AnandabhairaviA
718,228.271877695773,230.5620971916036,2018_11_18_am_Sec_3_P1_Anandabhairavi_A_slates,Performer3_Sess1_AnandabhairaviA
719,325.5912048308252,327.92142816064404,2018_11_18_am_Sec_3_P1_Anandabhairavi_A_slates,Performer3_Sess1_AnandabhairaviA
720,376.4260768714655,378.4862743218632,2018_11_18_am_Sec_3_P1_Anandabhairavi_A_slates,Performer3_Sess1_AnandabhairaviA
723,259.094831783763,262.6851758842135,2018_11_18_am_Sec_3_P2_Anandabhairavi_B_slates,Performer3_Sess1_AnandabhairaviB
724,72.83698073420875,75.93727786830249,2018_11_18_am_Sec_3_P2_Anandabhairavi_B_slates,Performer3_Sess1_AnandabhairaviB
725,329.9116189015623,332.9619112431706,2018_11_18_am_Sec_3_P2_Anandabhairavi_B_slates,Performer3_Sess1_AnandabhairaviB
726,362.38473114156994,365.3050110227163,2018_11_18_am_Sec_3_P2_Anandabhairavi_B_slates,Performer3_Sess1_AnandabhairaviB
727,283.9672155659925,286.7074781941915,2018_11_18_am_Sec_3_P2_Anandabhairavi_B_slates,Performer3_Sess1_AnandabhairaviB
729,401.75850474456047,404.4487625802741,2018_11_18_am_Sec_3_P2_Anandabhairavi_B_slates,Performer3_Sess1_AnandabhairaviB
730,281.9970267420684,284.5972759513083,2018_11_18_am_Sec_3_P2_Anandabhairavi_B_slates,Performer3_Sess1_AnandabhairaviB
731,135.68300392983798,138.2432493050896,2018_11_18_am_Sec_3_P2_Anandabhairavi_B_slates,Performer3_Sess1_AnandabhairaviB
733,342.86286015527645,345.42310553052806,2018_11_18_am_Sec_3_P2_Anandabhairavi_B_slates,Performer3_Sess1_AnandabhairaviB
734,304.5791910284673,307.0894316112335,2018_11_18_am_Sec_3_P2_Anandabhairavi_B_slates,Performer3_Sess1_AnandabhairaviB
735,307.67948816256103,310.23973353781264,2018_11_18_am_Sec_3_P2_Anandabhairavi_B_slates,Performer3_Sess1_AnandabhairaviB
736,338.9524853829195,341.2827087127384,2018_11_18_am_Sec_3_P2_Anandabhairavi_B_slates,Performer3_Sess1_AnandabhairaviB
737,79.39760950829098,81.77783763059522,2018_11_18_am_Sec_3_P2_Anandabhairavi_B_slates,Performer3_Sess1_AnandabhairaviB
738,391.2775002396242,393.7477369884021,2018_11_18_am_Sec_3_P2_Anandabhairavi_B_slates,Performer3_Sess1_AnandabhairaviB
739,360.3245336911722,362.5647483945173,2018_11_18_am_Sec_3_P2_Anandabhairavi_B_slates,Performer3_Sess1_AnandabhairaviB
740,215.36064027604712,217.60085497939227,2018_11_18_am_Sec_3_P2_Anandabhairavi_B_slates,Performer3_Sess1_AnandabhairaviB
741,283.38715997316206,285.58737084251885,2018_11_18_am_Sec_3_P2_Anandabhairavi_B_slates,Performer3_Sess1_AnandabhairaviB
742,311.5098552669414,313.7100661362982,2018_11_18_am_Sec_3_P2_Anandabhairavi_B_slates,Performer3_Sess1_AnandabhairaviB
743,198.03898015911048,200.189186235982,2018_11_18_am_Sec_3_P2_Anandabhairavi_B_slates,Performer3_Sess1_AnandabhairaviB
744,236.10262819898395,238.2528342758554,2018_11_18_am_Sec_3_P2_Anandabhairavi_B_slates,Performer3_Sess1_AnandabhairaviB
745,139.7833969136394,141.89359915652255,2018_11_18_am_Sec_3_P2_Anandabhairavi_B_slates,Performer3_Sess1_AnandabhairaviB
746,206.94983418000567,209.0100316304035,2018_11_18_am_Sec_3_P2_Anandabhairavi_B_slates,Performer3_Sess1_AnandabhairaviB
747,351.14365379085586,353.25385603373905,2018_11_18_am_Sec_3_P2_Anandabhairavi_B_slates,Performer3_Sess1_AnandabhairaviB
748,372.60571072558224,374.6259043419917,2018_11_18_am_Sec_3_P2_Anandabhairavi_B_slates,Performer3_Sess1_AnandabhairaviB
760,145.89398255535318,147.91417617176265,2018_11_18_am_Sec_3_P2_Anandabhairavi_B_slates,Performer3_Sess1_AnandabhairaviB
763,210.2401495255439,217.48084347742736,2018_11_18_am_Sec_4_P1_Kalyani_slates,Performer3_Sess1_Kalyani
764,193.5885536279114,198.57903191795265,2018_11_18_am_Sec_4_P1_Kalyani_slates,Performer3_Sess1_Kalyani
765,33.10317262532349,38.0936509153647,2018_11_18_am_Sec_4_P1_Kalyani_slates,Performer3_Sess1_Kalyani
766,144.64386274321862,149.54433240678614,2018_11_18_am_Sec_4_P1_Kalyani_slates,Performer3_Sess1_Kalyani
767,229.90203393079648,234.1224384165628,2018_11_18_am_Sec_4_P1_Kalyani_slates,Performer3_Sess1_Kalyani
768,122.23171475127,126.412115403048,2018_11_18_am_Sec_4_P1_Kalyani_slates,Performer3_Sess1_Kalyani
769,450.3931659158439,454.3035406882008,2018_11_18_am_Sec_4_P1_Kalyani_slates,Performer3_Sess1_Kalyani
770,466.0946707562541,470.2250666155467,2018_11_18_am_Sec_4_P1_Kalyani_slates,Performer3_Sess1_Kalyani
771,191.1183168791335,194.84867439854304,2018_11_18_am_Sec_4_P1_Kalyani_slates,Performer3_Sess1_Kalyani
772,35.22337582670372,38.50369021374484,2018_11_18_am_Sec_4_P1_Kalyani_slates,Performer3_Sess1_Kalyani
773,55.87535512316686,59.42569538962905,2018_11_18_am_Sec_4_P1_Kalyani_slates,Performer3_Sess1_Kalyani
774,66.08633374868205,69.09662225630211,2018_11_18_am_Sec_4_P1_Kalyani_slates,Performer3_Sess1_Kalyani
776,364.7749602223713,367.7352439375059,2018_11_18_am_Sec_4_P1_Kalyani_slates,Performer3_Sess1_Kalyani
777,92.22883926004025,95.23912776766028,2018_11_18_am_Sec_4_P1_Kalyani_slates,Performer3_Sess1_Kalyani
778,146.84407361257544,149.62434007476276,2018_11_18_am_Sec_4_P1_Kalyani_slates,Performer3_Sess1_Kalyani
779,44.35425093453464,46.77448289082717,2018_11_18_am_Sec_4_P1_Kalyani_slates,Performer3_Sess1_Kalyani
780,143.38374197258696,145.8039739288795,2018_11_18_am_Sec_4_P1_Kalyani_slates,Performer3_Sess1_Kalyani
781,277.7266174638167,280.1468494201092,2018_11_18_am_Sec_4_P1_Kalyani_slates,Performer3_Sess1_Kalyani
782,93.84899453656664,96.22922265887088,2018_11_18_am_Sec_4_P1_Kalyani_slates,Performer3_Sess1_Kalyani
783,310.6997776286782,312.9899971245087,2018_11_18_am_Sec_4_P1_Kalyani_slates,Performer3_Sess1_Kalyani
784,272.99616409469945,275.28638359053,2018_11_18_am_Sec_4_P1_Kalyani_slates,Performer3_Sess1_Kalyani
786,228.5519045336912,230.79211923703627,2018_11_18_am_Sec_4_P1_Kalyani_slates,Performer3_Sess1_Kalyani
787,352.09374484807813,354.74399884980346,2018_11_18_am_Sec_4_P1_Kalyani_slates,Performer3_Sess1_Kalyani
788,465.7846410428447,467.9848519122016,2018_11_18_am_Sec_4_P1_Kalyani_slates,Performer3_Sess1_Kalyani
789,225.5816198600594,227.6418173104572,2018_11_18_am_Sec_4_P1_Kalyani_slates,Performer3_Sess1_Kalyani
790,124.35191795265024,126.412115403048,2018_11_18_am_Sec_4_P1_Kalyani_slates,Performer3_Sess1_Kalyani
791,155.48490175404962,157.5450992044474,2018_11_18_am_Sec_4_P1_Kalyani_slates,Performer3_Sess1_Kalyani
792,320.2406920348892,322.30088948528703,2018_11_18_am_Sec_4_P1_Kalyani_slates,Performer3_Sess1_Kalyani
793,257.654693760184,260.394956388383,2018_11_18_am_Sec_4_P1_Kalyani_slates,Performer3_Sess1_Kalyani
794,473.8354126329914,475.9456148758745,2018_11_18_am_Sec_4_P1_Kalyani_slates,Performer3_Sess1_Kalyani
798,407.2090271254672,409.409237994824,2018_11_18_am_Sec_4_P1_Kalyani_slates,Performer3_Sess1_Kalyani
823,267.055594747436,271.77604715805614,2018_11_18_am_Sec_5_P1_Bhairavi_slates,Performer3_Sess1_Bhairavi
824,363.42483082526593,368.0552746094124,2018_11_18_am_Sec_5_P1_Bhairavi_slates,Performer3_Sess1_Bhairavi
825,216.6707658391641,220.8511664909421,2018_11_18_am_Sec_5_P1_Bhairavi_slates,Performer3_Sess1_Bhairavi
826,343.00287357423554,346.8232397201188,2018_11_18_am_Sec_5_P1_Bhairavi_slates,Performer3_Sess1_Bhairavi
827,436.0917952650244,439.8621566184222,2018_11_18_am_Sec_5_P1_Bhairavi_slates,Performer3_Sess1_Bhairavi
828,470.5050934534649,474.0554337199271,2018_11_18_am_Sec_5_P1_Bhairavi_slates,Performer3_Sess1_Bhairavi
829,444.9926483274225,448.3129665484519,2018_11_18_am_Sec_5_P1_Bhairavi_slates,Performer3_Sess1_Bhairavi
830,483.10630115978137,486.47662417329616,2018_11_18_am_Sec_5_P1_Bhairavi_slates,Performer3_Sess1_Bhairavi
831,226.3016888718489,229.58200325889,2018_11_18_am_Sec_5_P1_Bhairavi_slates,Performer3_Sess1_Bhairavi
832,357.94430556886795,361.0446027029617,2018_11_18_am_Sec_5_P1_Bhairavi_slates,Performer3_Sess1_Bhairavi
833,437.8019591680245,440.9422601361065,2018_11_18_am_Sec_5_P1_Bhairavi_slates,Performer3_Sess1_Bhairavi
834,39.81381577686187,43.004121537429306,2018_11_18_am_Sec_5_P1_Bhairavi_slates,Performer3_Sess1_Bhairavi
835,274.61631937122587,277.6266078788459,2018_11_18_am_Sec_5_P1_Bhairavi_slates,Performer3_Sess1_Bhairavi
836,306.51937697690016,309.4796606920348,2018_11_18_am_Sec_5_P1_Bhairavi_slates,Performer3_Sess1_Bhairavi
838,71.21682545768235,74.2671177992907,2018_11_18_am_Sec_5_P1_Bhairavi_slates,Performer3_Sess1_Bhairavi
839,506.3585296654844,509.2288047541454,2018_11_18_am_Sec_5_P1_Bhairavi_slates,Performer3_Sess1_Bhairavi
840,296.2583935588996,299.0886648135723,2018_11_18_am_Sec_5_P1_Bhairavi_slates,Performer3_Sess1_Bhairavi
842,342.06278347551034,344.893054730183,2018_11_18_am_Sec_5_P1_Bhairavi_slates,Performer3_Sess1_Bhairavi
844,245.73355123166868,248.47381385986768,2018_11_18_am_Sec_5_P1_Bhairavi_slates,Performer3_Sess1_Bhairavi
845,453.50346400843466,456.24372663663365,2018_11_18_am_Sec_5_P1_Bhairavi_slates,Performer3_Sess1_Bhairavi
846,282.2670526214894,285.0073152496884,2018_11_18_am_Sec_5_P1_Bhairavi_slates,Performer3_Sess1_Bhairavi
847,65.94632032972298,68.68658295792197,2018_11_18_am_Sec_5_P1_Bhairavi_slates,Performer3_Sess1_Bhairavi
848,463.8444550944119,467.254781941915,2018_11_18_am_Sec_5_P1_Bhairavi_slates,Performer3_Sess1_Bhairavi
849,298.4586044282564,301.14886226397005,2018_11_18_am_Sec_5_P1_Bhairavi_slates,Performer3_Sess1_Bhairavi
850,374.405883255056,377.0961410907696,2018_11_18_am_Sec_5_P1_Bhairavi_slates,Performer3_Sess1_Bhairavi
851,363.1148011118565,366.12508961947657,2018_11_18_am_Sec_5_P1_Bhairavi_slates,Performer3_Sess1_Bhairavi
852,81.91785104955429,84.60810888526788,2018_11_18_am_Sec_5_P1_Bhairavi_slates,Performer3_Sess1_Bhairavi
853,345.25308923607776,347.9033432378031,2018_11_18_am_Sec_5_P1_Bhairavi_slates,Performer3_Sess1_Bhairavi
854,115.66108501869068,118.31133902041596,2018_11_18_am_Sec_5_P1_Bhairavi_slates,Performer3_Sess1_Bhairavi
855,124.44192657912392,127.00217195437553,2018_11_18_am_Sec_5_P1_Bhairavi_slates,Performer3_Sess1_Bhairavi
856,450.03313140994914,452.5933767852008,2018_11_18_am_Sec_5_P1_Bhairavi_slates,Performer3_Sess1_Bhairavi
857,165.8758976325122,168.74617272117317,2018_11_18_am_Sec_5_P1_Bhairavi_slates,Performer3_Sess1_Bhairavi
858,188.0580235790281,190.70827758075333,2018_11_18_am_Sec_5_P1_Bhairavi_slates,Performer3_Sess1_Bhairavi
859,518.6897114923798,521.3399654941052,2018_11_18_am_Sec_5_P1_Bhairavi_slates,Performer3_Sess1_Bhairavi
860,83.26798044665962,86.27826895427967,2018_11_18_am_Sec_5_P1_Bhairavi_slates,Performer3_Sess1_Bhairavi
861,308.8996050992044,311.3698418479823,2018_11_18_am_Sec_5_P1_Bhairavi_slates,Performer3_Sess1_Bhairavi
862,284.19723761142524,286.88749544713886,2018_11_18_am_Sec_5_P1_Bhairavi_slates,Performer3_Sess1_Bhairavi
863,399.9183283810984,402.65859100929737,2018_11_18_am_Sec_5_P1_Bhairavi_slates,Performer3_Sess1_Bhairavi
864,487.60673248346586,490.1169730662321,2018_11_18_am_Sec_5_P1_Bhairavi_slates,Performer3_Sess1_Bhairavi
865,332.6518815297613,335.2121269050129,2018_11_18_am_Sec_5_P1_Bhairavi_slates,Performer3_Sess1_Bhairavi
867,446.52279497747526,448.9430269337678,2018_11_18_am_Sec_5_P1_Bhairavi_slates,Performer3_Sess1_Bhairavi
868,260.9850129397105,263.6752707754241,2018_11_18_am_Sec_5_P1_Bhairavi_slates,Performer3_Sess1_Bhairavi
869,346.6032186331831,349.1134592159493,2018_11_18_am_Sec_5_P1_Bhairavi_slates,Performer3_Sess1_Bhairavi
870,114.6709901274801,116.82119620435157,2018_11_18_am_Sec_5_P1_Bhairavi_slates,Performer3_Sess1_Bhairavi
871,169.116208185565,171.26641426243646,2018_11_18_am_Sec_5_P1_Bhairavi_slates,Performer3_Sess1_Bhairavi
872,228.2318738617847,230.6121019840889,2018_11_18_am_Sec_5_P1_Bhairavi_slates,Performer3_Sess1_Bhairavi
873,353.08383973928875,355.2340458161602,2018_11_18_am_Sec_5_P1_Bhairavi_slates,Performer3_Sess1_Bhairavi
874,194.62865331160737,196.73885555449053,2018_11_18_am_Sec_5_P1_Bhairavi_slates,Performer3_Sess1_Bhairavi
875,471.9952362695293,474.0554337199271,2018_11_18_am_Sec_5_P1_Bhairavi_slates,Performer3_Sess1_Bhairavi
876,70.58676507236652,72.6469625227643,2018_11_18_am_Sec_5_P1_Bhairavi_slates,Performer3_Sess1_Bhairavi
877,499.6178836384548,501.8180945078117,2018_11_18_am_Sec_5_P1_Bhairavi_slates,Performer3_Sess1_Bhairavi
878,476.1256321288219,478.2358343717051,2018_11_18_am_Sec_5_P1_Bhairavi_slates,Performer3_Sess1_Bhairavi
879,59.24567813668168,61.30587558707945,2018_11_18_am_Sec_5_P1_Bhairavi_slates,Performer3_Sess1_Bhairavi
880,211.41026166970187,213.47045912009963,2018_11_18_am_Sec_5_P1_Bhairavi_slates,Performer3_Sess1_Bhairavi
881,449.493079651107,451.51327326751647,2018_11_18_am_Sec_5_P1_Bhairavi_slates,Performer3_Sess1_Bhairavi
883,430.37124700469656,432.6614665005271,2018_11_18_am_Sec_5_P1_Bhairavi_slates,Performer3_Sess1_Bhairavi
884,491.10706795744267,493.1672654078404,2018_11_18_am_Sec_5_P1_Bhairavi_slates,Performer3_Sess1_Bhairavi
885,220.7611578644685,222.82135531486625,2018_11_18_am_Sec_5_P1_Bhairavi_slates,Performer3_Sess1_Bhairavi
886,399.5082890827183,401.568486533116,2018_11_18_am_Sec_5_P1_Bhairavi_slates,Performer3_Sess1_Bhairavi
901,134.69290903862742,136.7531064890252,2018_11_18_am_Sec_5_P1_Bhairavi_slates,Performer3_Sess1_Bhairavi
906,108.28037764784816,111.74070928783664,2018_11_18_am_Sec_5_P3_Bilahari_slates,Performer3_Sess1_BilahariA
907,316.09029425860246,319.0505779737371,2018_11_18_am_Sec_5_P3_Bilahari_slates,Performer3_Sess1_BilahariA
908,271.7260423655707,274.7363308731908,2018_11_18_am_Sec_5_P3_Bilahari_slates,Performer3_Sess1_BilahariA
909,267.9056762196875,270.8659599348222,2018_11_18_am_Sec_5_P3_Bilahari_slates,Performer3_Sess1_BilahariA
910,122.1417061247963,124.8319639605099,2018_11_18_am_Sec_5_P3_Bilahari_slates,Performer3_Sess1_BilahariA
911,313.57005271733914,316.2603105530528,2018_11_18_am_Sec_5_P3_Bilahari_slates,Performer3_Sess1_BilahariA
912,321.04076871465537,323.871039969328,2018_11_18_am_Sec_5_P3_Bilahari_slates,Performer3_Sess1_BilahariA
913,196.4188248825841,198.9290654653503,2018_11_18_am_Sec_5_P3_Bilahari_slates,Performer3_Sess1_BilahariA
914,248.6038263203297,251.1140669030959,2018_11_18_am_Sec_5_P3_Bilahari_slates,Performer3_Sess1_BilahariA
915,131.90264161794303,134.37287836672095,2018_11_18_am_Sec_5_P3_Bilahari_slates,Performer3_Sess1_BilahariA
916,61.08585450014376,63.646099875395365,2018_11_18_am_Sec_5_P3_Bilahari_slates,Performer3_Sess1_BilahariA
917,260.16493434295023,262.5451624652544,2018_11_18_am_Sec_5_P3_Bilahari_slates,Performer3_Sess1_BilahariA
919,202.21938081088848,204.5496041407073,2018_11_18_am_Sec_5_P3_Bilahari_slates,Performer3_Sess1_BilahariA
920,305.6492935876545,307.97951691747335,2018_11_18_am_Sec_5_P3_Bilahari_slates,Performer3_Sess1_BilahariA
921,37.42358669606057,39.71380619189111,2018_11_18_am_Sec_5_P3_Bilahari_slates,Performer3_Sess1_BilahariA
922,152.68463337486818,154.97485287069873,2018_11_18_am_Sec_5_P3_Bilahari_slates,Performer3_Sess1_BilahariA
923,206.80982076104664,209.1000402568772,2018_11_18_am_Sec_5_P3_Bilahari_slates,Performer3_Sess1_BilahariA
925,94.87909326176552,97.11930796511068,2018_11_18_am_Sec_5_P3_Bilahari_slates,Performer3_Sess1_BilahariA
926,216.260726540784,218.55094603661453,2018_11_18_am_Sec_5_P3_Bilahari_slates,Performer3_Sess1_BilahariA
927,289.04770248250736,291.2879171858525,2018_11_18_am_Sec_5_P3_Bilahari_slates,Performer3_Sess1_BilahariA
928,49.88478098341799,52.08499185277484,2018_11_18_am_Sec_5_P3_Bilahari_slates,Performer3_Sess1_BilahariA
929,180.9373411291095,183.1375519984664,2018_11_18_am_Sec_5_P3_Bilahari_slates,Performer3_Sess1_BilahariA
930,308.39955717435055,310.54976325122203,2018_11_18_am_Sec_5_P3_Bilahari_slates,Performer3_Sess1_BilahariA
931,88.48848078213359,90.59868302501675,2018_11_18_am_Sec_5_P3_Bilahari_slates,Performer3_Sess1_BilahariA
933,292.37802166203386,294.48822390491705,2018_11_18_am_Sec_5_P3_Bilahari_slates,Performer3_Sess1_BilahariA
947,311.1898245950349,313.2100182114444,2018_11_18_am_Sec_5_P3_Bilahari_slates,Performer3_Sess1_BilahariA
952,219.7210581807725,222.8613591488545,2018_11_18_am_Sec_6_P1_Atana_A_slates,Performer3_Sess1_AtanaA
953,227.42179622352148,230.3820799386561,2018_11_18_am_Sec_6_P1_Atana_A_slates,Performer3_Sess1_AtanaA
954,88.66849803508097,91.80879900316302,2018_11_18_am_Sec_6_P1_Atana_A_slates,Performer3_Sess1_AtanaA
955,212.7503901083101,216.1207131218249,2018_11_18_am_Sec_6_P1_Atana_A_slates,Performer3_Sess1_AtanaA
956,204.8296309786255,207.74991085977183,2018_11_18_am_Sec_6_P1_Atana_A_slates,Performer3_Sess1_AtanaA
957,240.1530163903,242.89327901849896,2018_11_18_am_Sec_6_P1_Atana_A_slates,Performer3_Sess1_AtanaA
958,125.06198600594266,127.44221412824687,2018_11_18_am_Sec_6_P1_Atana_A_slates,Performer3_Sess1_AtanaA
959,120.21152113486052,122.54174446467935,2018_11_18_am_Sec_6_P1_Atana_A_slates,Performer3_Sess1_AtanaA
960,95.1491191411866,97.34933001054344,2018_11_18_am_Sec_6_P1_Atana_A_slates,Performer3_Sess1_AtanaA
961,105.81014089907023,108.01035176842709,2018_11_18_am_Sec_6_P1_Atana_A_slates,Performer3_Sess1_AtanaA
962,50.87487587462857,52.98507811751173,2018_11_18_am_Sec_6_P1_Atana_A_slates,Performer3_Sess1_AtanaA
963,159.70530623981594,162.08553436212017,2018_11_18_am_Sec_6_P1_Atana_A_slates,Performer3_Sess1_AtanaA
964,218.6909594555736,220.8011616984568,2018_11_18_am_Sec_6_P1_Atana_A_slates,Performer3_Sess1_AtanaA
965,223.9514636250359,226.06166586791903,2018_11_18_am_Sec_6_P1_Atana_A_slates,Performer3_Sess1_AtanaA
966,132.2226722898495,134.28286974024726,2018_11_18_am_Sec_6_P1_Atana_A_slates,Performer3_Sess1_AtanaA
969,157.18506469855265,159.3352707754241,2018_11_18_am_Sec_6_P1_Atana_A_slates,Performer3_Sess1_AtanaA
980,77.50742835234351,81.41780312470046,2018_11_18_am_Sec_6_P2_Atana_B_slates,Performer3_Sess1_AtanaB
981,196.9588766414262,200.72923799482408,2018_11_18_am_Sec_6_P2_Atana_B_slates,Performer3_Sess1_AtanaB
982,110.4005808492284,114.40096424805904,2018_11_18_am_Sec_6_P2_Atana_B_slates,Performer3_Sess1_AtanaB
983,167.6260653695006,170.81637113006803,2018_11_18_am_Sec_6_P2_Atana_B_slates,Performer3_Sess1_AtanaB
984,61.08585450014376,64.13614684175212,2018_11_18_am_Sec_6_P2_Atana_B_slates,Performer3_Sess1_AtanaB
985,339.932579315633,342.9828716572414,2018_11_18_am_Sec_6_P2_Atana_B_slates,Performer3_Sess1_AtanaB
986,164.2957461899741,167.12601744464675,2018_11_18_am_Sec_6_P2_Atana_B_slates,Performer3_Sess1_AtanaB
987,315.78026454519306,318.38051375443297,2018_11_18_am_Sec_6_P2_Atana_B_slates,Performer3_Sess1_AtanaB
988,100.54963672960795,102.9698686859005,2018_11_18_am_Sec_6_P2_Atana_B_slates,Performer3_Sess1_AtanaB
989,195.74876066328,198.1689926195725,2018_11_18_am_Sec_6_P2_Atana_B_slates,Performer3_Sess1_AtanaB
990,248.7438397392888,251.25408032205496,2018_11_18_am_Sec_6_P2_Atana_B_slates,Performer3_Sess1_AtanaB
991,253.06425381002583,255.4444819323301,2018_11_18_am_Sec_6_P2_Atana_B_slates,Performer3_Sess1_AtanaB
993,275.3763922170037,277.70661554682255,2018_11_18_am_Sec_6_P2_Atana_B_slates,Performer3_Sess1_AtanaB
994,267.8656723856992,270.1058870890443,2018_11_18_am_Sec_6_P2_Atana_B_slates,Performer3_Sess1_AtanaB
995,263.3152362695293,265.5154471388862,2018_11_18_am_Sec_6_P2_Atana_B_slates,Performer3_Sess1_AtanaB
996,327.5613936547493,329.8016083580944,2018_11_18_am_Sec_6_P2_Atana_B_slates,Performer3_Sess1_AtanaB
997,73.46704111952457,75.61724719639604,2018_11_18_am_Sec_6_P2_Atana_B_slates,Performer3_Sess1_AtanaB
998,302.4089830346017,304.64919773794685,2018_11_18_am_Sec_6_P2_Atana_B_slates,Performer3_Sess1_AtanaB
999,267.0055899549506,269.11579219783374,2018_11_18_am_Sec_6_P2_Atana_B_slates,Performer3_Sess1_AtanaB
1000,234.79250263586687,236.8527000862647,2018_11_18_am_Sec_6_P2_Atana_B_slates,Performer3_Sess1_AtanaB
1001,257.42467171475124,259.484869165149,2018_11_18_am_Sec_6_P2_Atana_B_slates,Performer3_Sess1_AtanaB
1014,356.0841272884117,358.32434199175685,2018_11_18_am_Sec_6_P2_Atana_B_slates,Performer3_Sess1_AtanaB
1020,362.5347455190261,368.0652755679095,2018_11_18_am_Sec_6_P4_Todi_slates,Performer3_Sess1_Todi
1021,388.5372376114252,393.34769864851904,2018_11_18_am_Sec_6_P4_Todi_slates,Performer3_Sess1_Todi
1022,459.57404581616015,462.7643515767276,2018_11_18_am_Sec_6_P4_Todi_slates,Performer3_Sess1_Todi
1023,387.8171685996357,391.0974829866768,2018_11_18_am_Sec_6_P4_Todi_slates,Performer3_Sess1_Todi
1024,86.46828716572413,89.24855362791142,2018_11_18_am_Sec_6_P4_Todi_slates,Performer3_Sess1_Todi
1025,281.32696252276423,284.0672251509632,2018_11_18_am_Sec_6_P4_Todi_slates,Performer3_Sess1_Todi
1026,430.4212517971819,433.4715441387903,2018_11_18_am_Sec_6_P4_Todi_slates,Performer3_Sess1_Todi
1027,308.1795360874149,311.09981596856124,2018_11_18_am_Sec_6_P4_Todi_slates,Performer3_Sess1_Todi
1028,410.21931563308726,412.9095734688008,2018_11_18_am_Sec_6_P4_Todi_slates,Performer3_Sess1_Todi
1029,452.0133211923703,454.6135704016102,2018_11_18_am_Sec_6_P4_Todi_slates,Performer3_Sess1_Todi
1031,324.9211406115211,327.391377360299,2018_11_18_am_Sec_6_P4_Todi_slates,Performer3_Sess1_Todi
1032,167.04600977667016,169.4662417329627,2018_11_18_am_Sec_6_P4_Todi_slates,Performer3_Sess1_Todi
1033,245.15349563883825,247.62373238761617,2018_11_18_am_Sec_6_P4_Todi_slates,Performer3_Sess1_Todi
1034,366.44512029138303,368.915357040161,2018_11_18_am_Sec_6_P4_Todi_slates,Performer3_Sess1_Todi
1035,197.45892456628005,200.05917377551995,2018_11_18_am_Sec_6_P4_Todi_slates,Performer3_Sess1_Todi
1036,466.32469280168687,468.564907505032,2018_11_18_am_Sec_6_P4_Todi_slates,Performer3_Sess1_Todi
1037,145.00389724911335,147.24411195245852,2018_11_18_am_Sec_6_P4_Todi_slates,Performer3_Sess1_Todi
1038,265.4854442633949,267.6856551327518,2018_11_18_am_Sec_6_P4_Todi_slates,Performer3_Sess1_Todi
1039,350.1535588996453,352.35376976900216,2018_11_18_am_Sec_6_P4_Todi_slates,Performer3_Sess1_Todi
1040,469.8350292341608,471.9852353110322,2018_11_18_am_Sec_6_P4_Todi_slates,Performer3_Sess1_Todi
1041,193.94858813380617,196.008785584204,2018_11_18_am_Sec_6_P4_Todi_slates,Performer3_Sess1_Todi
1042,500.20794018978233,502.2681376401801,2018_11_18_am_Sec_6_P4_Todi_slates,Performer3_Sess1_Todi
1043,456.7437745614875,458.9439854308444,2018_11_18_am_Sec_6_P4_Todi_slates,Performer3_Sess1_Todi
1045,181.26737275951305,183.3275702099108,2018_11_18_am_Sec_6_P4_Todi_slates,Performer3_Sess1_Todi
1050,416.15988498035074,418.4000996836959,2018_11_18_am_Sec_6_P4_Todi_slates,Performer3_Sess1_Todi
1072,79.48761813476467,82.85794114827948,2018_11_18_am_Sec_6_P6_Bilahari_B,Performer3_Sess1_BilahariB
1074,126.55212882200706,129.8724470430365,2018_11_18_am_Sec_6_P6_Bilahari_B,Performer3_Sess1_BilahariB
1075,379.7963998849803,382.84669222658863,2018_11_18_am_Sec_6_P6_Bilahari_B,Performer3_Sess1_BilahariB
1076,361.8946841752132,365.2150023962426,2018_11_18_am_Sec_6_P6_Bilahari_B,Performer3_Sess1_BilahariB
1077,190.70827758075333,193.48854404294065,2018_11_18_am_Sec_6_P6_Bilahari_B,Performer3_Sess1_BilahariB
1078,294.04818173104564,296.73843956675927,2018_11_18_am_Sec_6_P6_Bilahari_B,Performer3_Sess1_BilahariB
1079,73.82707562541933,76.60734208760663,2018_11_18_am_Sec_6_P6_Bilahari_B,Performer3_Sess1_BilahariB
1080,135.37297421642862,137.93321959168023,2018_11_18_am_Sec_6_P6_Bilahari_B,Performer3_Sess1_BilahariB
1081,139.01332310936448,141.5735684846161,2018_11_18_am_Sec_6_P6_Bilahari_B,Performer3_Sess1_BilahariB
1082,357.9343046103709,360.4445451931371,2018_11_18_am_Sec_6_P6_Bilahari_B,Performer3_Sess1_BilahariB
1083,365.9450723665292,368.4553129492954,2018_11_18_am_Sec_6_P6_Bilahari_B,Performer3_Sess1_BilahariB
1084,350.9136317454231,353.42387232818936,2018_11_18_am_Sec_6_P6_Bilahari_B,Performer3_Sess1_BilahariB
1087,240.3330336432473,242.66325697306613,2018_11_18_am_Sec_6_P6_Bilahari_B,Performer3_Sess1_BilahariB
1088,90.69869260998752,93.07892073229176,2018_11_18_am_Sec_6_P6_Bilahari_B,Performer3_Sess1_BilahariB
1089,299.1286686475606,301.3288795169174,2018_11_18_am_Sec_6_P6_Bilahari_B,Performer3_Sess1_BilahariB
1090,176.7569404773315,178.99715518067666,2018_11_18_am_Sec_6_P6_Bilahari_B,Performer3_Sess1_BilahariB
1091,373.9058353302022,375.9660327806,2018_11_18_am_Sec_6_P6_Bilahari_B,Performer3_Sess1_BilahariB
1092,80.88775232435539,82.90794594076486,2018_11_18_am_Sec_6_P6_Bilahari_B,Performer3_Sess1_BilahariB
1093,267.9056762196875,269.9258698360969,2018_11_18_am_Sec_6_P6_Bilahari_B,Performer3_Sess1_BilahariB
1094,335.75217866385503,337.7723722802645,2018_11_18_am_Sec_6_P6_Bilahari_B,Performer3_Sess1_BilahariB
1096,346.1931793348029,348.2533767852007,2018_11_18_am_Sec_6_P6_Bilahari_B,Performer3_Sess1_BilahariB
1108,271.235995399214,275.0963653790856,2018_11_18_pm_Sec_5_P2_Sahana_slates,Performer3_Sess2_Sahana
1109,266.46553819610847,269.9658736700853,2018_11_18_pm_Sec_5_P2_Sahana_slates,Performer3_Sess2_Sahana
1110,257.24465446180386,260.74498993578067,2018_11_18_pm_Sec_5_P2_Sahana_slates,Performer3_Sess2_Sahana
1112,261.9251030384357,264.4853484136873,2018_11_18_pm_Sec_5_P2_Sahana_slates,Performer3_Sess2_Sahana
1113,126.82215470142812,129.38240007667974,2018_11_18_pm_Sec_5_P2_Sahana_slates,Performer3_Sess2_Sahana
1114,85.20816639509248,87.7184069778587,2018_11_18_pm_Sec_5_P2_Sahana_slates,Performer3_Sess2_Sahana
1115,276.3164823157289,278.7367142720214,2018_11_18_pm_Sec_5_P2_Sahana_slates,Performer3_Sess2_Sahana
1119,108.55040352726922,110.610600977667,2018_11_18_pm_Sec_5_P2_Sahana_slates,Performer3_Sess2_Sahana
1120,193.5785526694144,195.5987462858237,2018_11_18_pm_Sec_5_P2_Sahana_slates,Performer3_Sess2_Sahana
